qid	doc_id
q01	2
q01	8
q01	11
q01	15
q01	21
q01	23
q01	24
q01	27
q01	29
q01	44
q01	45
q01	49
q01	56
q01	76
q01	79
q01	82
q01	83
q01	85
q01	88
q01	90
q01	95
q01	97
q01	109
q01	110
q01	119
q01	120
q01	124
q01	126
q01	130
q01	133
q01	137
q01	141
q01	143
q01	151
q01	157
q01	163
q01	174
q01	180
q01	181
q01	182
q01	191
q01	194
q01	197
q01	199
q01	213
q01	220
q01	221
q01	229
q01	230
q01	239
q01	248
q01	255
q01	257
q01	258
q01	260
q01	265
q01	268
q01	269
q01	272
q01	282
q01	283
q01	293
q01	294
q01	298
q01	306
q01	312
q01	313
q01	317
q01	323
q01	331
q01	339
q01	346
q01	350
q01	355
q01	357
q01	362
q01	370
q01	377
q01	378
q01	380
q01	390
q01	398
q01	401
q01	411
q01	419
q01	425
q01	428
q01	429
q01	432
q01	433
q01	435
q01	439
q01	443
q01	455
q01	467
q01	471
q01	498
q01	501
q01	506
q01	508
q01	686
q01	1053
q01	1248
q01	1270
q01	1356
q01	1845
q01	1955
q01	1999
q01	2203
q02	6
q02	75
q02	100
q02	101
q02	105
q02	120
q02	153
q02	164
q02	165
q02	213
q02	239
q02	252
q02	283
q02	291
q02	293
q02	327
q02	415
q02	486
q02	487
q02	896
q02	898
q02	900
q02	902
q02	903
q02	904
q02	906
q02	908
q02	916
q02	917
q02	931
q02	932
q02	936
q02	937
q02	938
q02	949
q02	950
q02	954
q02	957
q02	962
q02	964
q02	972
q02	974
q02	977
q02	978
q02	981
q02	983
q02	987
q02	988
q02	991
q02	994
q02	1000
q02	1002
q02	1005
q02	1006
q02	1007
q02	1017
q02	1020
q02	1021
q02	1023
q02	1029
q02	1037
q02	1038
q02	1042
q02	1043
q02	1044
q02	1048
q02	1052
q02	1054
q02	1070
q02	1081
q02	1084
q02	1089
q02	1091
q02	1096
q02	1102
q02	1107
q02	1108
q02	1112
q02	1113
q02	1120
q02	1129
q02	1130
q02	1131
q02	1133
q02	1140
q02	1144
q02	1145
q02	1146
q02	1147
q02	1148
q02	1149
q02	1150
q02	1151
q02	1152
q02	1153
q02	1154
q02	1155
q02	1156
q02	1157
q02	1159
q02	1161
q02	1162
q02	1163
q02	1165
q02	1166
q02	1167
q02	1168
q02	1169
q02	1170
q02	1171
q02	1172
q02	1173
q02	1176
q02	1177
q02	1178
q02	1179
q02	1180
q02	1181
q02	1183
q02	1184
q02	1187
q02	1188
q02	1189
q02	1190
q02	1192
q02	1193
q02	1197
q02	1198
q02	1199
q02	1200
q02	1201
q02	1202
q02	1204
q02	1206
q02	1207
q02	1208
q02	1209
q02	1215
q02	1216
q02	1217
q02	1218
q02	1220
q02	1221
q02	1224
q02	1226
q02	1227
q02	1228
q02	1229
q02	1230
q02	1231
q02	1232
q02	1233
q02	1234
q02	1235
q02	1237
q02	1238
q02	1239
q02	1240
q02	1241
q02	1242
q02	1243
q02	1244
q02	1245
q02	1246
q02	1247
q02	1248
q02	1249
q02	1251
q02	1252
q02	1254
q02	1255
q02	1256
q02	1257
q02	1258
q02	1259
q02	1262
q02	1267
q02	1270
q02	1274
q02	1275
q02	1277
q02	1278
q02	1282
q02	1285
q02	1286
q02	1289
q02	1290
q02	1291
q02	1292
q02	1293
q02	1294
q02	1295
q02	1296
q02	1297
q02	1298
q02	1299
q02	1300
q02	1301
q02	1302
q02	1303
q02	1304
q02	1305
q02	1306
q02	1307
q02	1308
q02	1309
q02	1310
q02	1311
q02	1312
q02	1698
q02	1824
q02	1922
q02	1924
q02	1946
q02	1974
q02	1980
q02	2031
q02	2085
q03	0
q03	111
q03	123
q03	251
q03	1004
q03	1828
q03	1834
q03	1841
q03	1844
q03	1846
q03	1855
q03	1870
q03	1881
q03	1893
q03	1896
q03	1910
q03	1916
q03	1917
q03	1930
q03	1952
q03	1957
q03	1959
q03	1969
q03	1973
q03	1981
q03	1986
q03	1991
q03	1993
q03	1997
q03	1998
q03	2007
q03	2011
q03	2013
q03	2027
q03	2028
q03	2039
q03	2044
q03	2058
q03	2063
q03	2064
q03	2077
q03	2084
q03	2085
q03	2087
q03	2088
q03	2090
q03	2103
q03	2108
q03	2114
q03	2123
q03	2124
q03	2127
q03	2128
q03	2136
q03	2139
q03	2150
q03	2151
q03	2158
q03	2160
q03	2170
q03	2172
q03	2173
q03	2175
q03	2176
q03	2180
q03	2184
q03	2188
q03	2189
q03	2206
q03	2207
q03	2215
q03	2217
q04	39
q04	1078
q04	1141
q04	1409
q04	1413
q04	1414
q04	1415
q04	1416
q04	1422
q04	1423
q04	1424
q04	1426
q04	1430
q04	1433
q04	1435
q04	1437
q04	1451
q04	1452
q04	1453
q04	1466
q04	1471
q04	1473
q04	1474
q04	1477
q04	1479
q04	1480
q04	1481
q04	1484
q04	1486
q04	1487
q04	1489
q04	1493
q04	1494
q04	1495
q04	1496
q04	1498
q04	1504
q04	1509
q04	1511
q04	1513
q04	1515
q04	1517
q04	1521
q04	1529
q04	1530
q04	1538
q04	1539
q04	1540
q04	1543
q04	1544
q04	1547
q04	1549
q04	1551
q04	1554
q04	1555
q04	1558
q04	1560
q04	1563
q04	1564
q04	1567
q04	1577
q04	1578
q04	1580
q04	1586
q04	1590
q04	1591
q04	1592
q04	1594
q04	1967
q05	521
q05	537
q05	543
q05	544
q05	548
q05	550
q05	552
q05	554
q05	558
q05	562
q05	565
q05	568
q05	570
q05	571
q05	574
q05	575
q05	576
q05	577
q05	580
q05	582
q05	583
q05	587
q05	590
q05	591
q05	593
q05	595
q05	596
q05	597
q05	598
q05	604
q05	606
q05	608
q05	611
q05	694
q05	773
q05	789
q05	815
q05	817
q05	823
q05	832
q05	833
q05	834
q05	835
q05	836
q05	837
q05	842
q05	844
q05	846
q05	849
q05	850
q05	856
q05	859
q05	861
q05	863
q05	865
q05	866
q05	867
q05	868
q05	870
q05	872
q05	873
q05	874
q05	876
q05	877
q05	878
q05	879
q05	880
q05	881
q05	882
q05	886
q05	887
q05	889
q05	892
q05	894
q05	907
q06	5
q06	6
q06	7
q06	15
q06	21
q06	22
q06	23
q06	28
q06	29
q06	30
q06	34
q06	40
q06	43
q06	45
q06	49
q06	51
q06	54
q06	56
q06	65
q06	71
q06	72
q06	75
q06	76
q06	83
q06	85
q06	88
q06	92
q06	93
q06	96
q06	97
q06	100
q06	106
q06	109
q06	118
q06	120
q06	124
q06	125
q06	133
q06	135
q06	136
q06	138
q06	145
q06	146
q06	150
q06	155
q06	158
q06	159
q06	162
q06	164
q06	167
q06	168
q06	171
q06	172
q06	173
q06	174
q06	181
q06	182
q06	189
q06	194
q06	196
q06	198
q06	199
q06	213
q06	230
q06	239
q06	244
q06	248
q06	252
q06	255
q06	256
q06	257
q06	258
q06	261
q06	268
q06	271
q06	275
q06	276
q06	281
q06	282
q06	283
q06	284
q06	285
q06	286
q06	287
q06	288
q06	289
q06	291
q06	293
q06	294
q06	302
q06	304
q06	310
q06	321
q06	327
q06	328
q06	329
q06	338
q06	339
q06	341
q06	342
q06	343
q06	344
q06	346
q06	348
q06	352
q06	353
q06	354
q06	355
q06	359
q06	360
q06	370
q06	373
q06	374
q06	375
q06	376
q06	377
q06	386
q06	388
q06	394
q06	398
q06	401
q06	408
q06	410
q06	415
q06	419
q06	422
q06	425
q06	435
q06	437
q06	438
q06	439
q06	448
q06	452
q06	458
q06	462
q06	468
q06	470
q06	471
q06	489
q06	492
q06	494
q06	502
q06	504
q06	506
q06	832
q06	900
q06	916
q06	917
q06	933
q06	938
q06	972
q06	975
q06	979
q06	1002
q06	1004
q06	1023
q06	1047
q06	1070
q06	1115
q06	1146
q06	1152
q06	1155
q06	1157
q06	1159
q06	1165
q06	1171
q06	1172
q06	1188
q06	1200
q06	1208
q06	1229
q06	1237
q06	1239
q06	1244
q06	1245
q06	1249
q06	1250
q06	1251
q06	1254
q06	1255
q06	1256
q06	1261
q06	1268
q06	1269
q06	1270
q06	1275
q06	1282
q06	1284
q06	1289
q06	1290
q06	1304
q06	1310
q06	1312
q06	1828
q06	2072
q07	93
q07	242
q07	275
q07	341
q07	459
q07	479
q07	486
q07	1825
q07	1826
q07	1829
q07	1830
q07	1831
q07	1835
q07	1837
q07	1839
q07	1843
q07	1845
q07	1852
q07	1853
q07	1854
q07	1857
q07	1859
q07	1863
q07	1865
q07	1866
q07	1871
q07	1874
q07	1883
q07	1885
q07	1892
q07	1894
q07	1898
q07	1900
q07	1902
q07	1903
q07	1906
q07	1907
q07	1912
q07	1914
q07	1919
q07	1927
q07	1928
q07	1931
q07	1933
q07	1934
q07	1936
q07	1937
q07	1938
q07	1939
q07	1940
q07	1942
q07	1945
q07	1959
q07	1961
q07	1962
q07	1965
q07	1972
q07	1974
q07	1979
q07	1985
q07	2000
q07	2009
q07	2010
q07	2011
q07	2017
q07	2019
q07	2020
q07	2022
q07	2023
q07	2026
q07	2033
q07	2036
q07	2045
q07	2050
q07	2051
q07	2054
q07	2058
q07	2060
q07	2073
q07	2075
q07	2078
q07	2079
q07	2080
q07	2081
q07	2082
q07	2091
q07	2092
q07	2095
q07	2101
q07	2106
q07	2107
q07	2109
q07	2113
q07	2115
q07	2116
q07	2118
q07	2124
q07	2126
q07	2131
q07	2132
q07	2133
q07	2139
q07	2141
q07	2142
q07	2146
q07	2148
q07	2153
q07	2154
q07	2155
q07	2159
q07	2160
q07	2162
q07	2165
q07	2167
q07	2170
q07	2171
q07	2173
q07	2177
q07	2180
q07	2181
q07	2185
q07	2187
q07	2188
q07	2191
q07	2192
q07	2193
q07	2196
q07	2200
q07	2203
q07	2214
q07	2217
q07	2219
q07	2220
q07	2221
q07	2222
q08	206
q08	614
q08	615
q08	618
q08	625
q08	626
q08	629
q08	631
q08	632
q08	634
q08	635
q08	638
q08	640
q08	641
q08	643
q08	648
q08	651
q08	652
q08	653
q08	655
q08	659
q08	660
q08	661
q08	662
q08	664
q08	665
q08	670
q08	671
q08	672
q08	717
q08	738
q08	743
q08	744
q08	745
q08	746
q08	747
q08	750
q08	752
q08	753
q08	754
q08	758
q08	759
q08	760
q08	762
q08	763
q08	764
q08	765
q08	768
q08	770
q08	771
q08	772
q08	773
q08	777
q08	780
q08	785
q08	788
q08	791
q08	794
q08	797
q08	805
q08	827
q08	830
q08	853
q08	869
q08	1911
q08	2031
q08	2086
q08	2121
q09	11
q09	29
q09	56
q09	76
q09	110
q09	120
q09	124
q09	137
q09	174
q09	197
q09	220
q09	268
q09	269
q09	272
q09	306
q09	313
q09	377
q09	380
q09	398
q09	401
q09	428
q09	429
q09	498
q09	501
q09	1053
q10	19
q10	30
q10	111
q10	112
q10	161
q10	187
q10	201
q10	204
q10	378
q10	858
q10	965
q10	1018
q10	1129
q10	1135
q10	1205
q10	1832
q10	1840
q10	1855
q10	1863
q10	1864
q10	1865
q10	1868
q10	1873
q10	1877
q10	1882
q10	1887
q10	1890
q10	1892
q10	1916
q10	1918
q10	1921
q10	1926
q10	1932
q10	1939
q10	1965
q10	1975
q10	1984
q10	2004
q10	2005
q10	2015
q10	2020
q10	2031
q10	2035
q10	2043
q10	2048
q10	2053
q10	2057
q10	2086
q10	2088
q10	2094
q10	2104
q10	2110
q10	2112
q10	2113
q10	2121
q10	2128
q10	2130
q10	2134
q10	2145
q10	2148
q10	2155
q10	2158
q10	2161
q10	2162
q10	2164
q10	2166
q10	2167
q10	2170
q10	2173
q10	2182
q10	2195
q10	2198
q10	2199
q10	2201
q10	2202
q10	2205
q10	2206
q10	2209
q10	2211
q10	2212
q10	2217
q10	2218
q10	2219
q11	39
q11	178
q11	192
q11	218
q11	222
q11	223
q11	228
q11	241
q11	270
q11	366
q11	432
q11	457
q11	562
q11	629
q11	631
q11	640
q11	642
q11	654
q11	670
q11	684
q11	764
q11	802
q11	970
q11	980
q11	1114
q11	1242
q11	1355
q11	1404
q11	1412
q11	1417
q11	1424
q11	1427
q11	1430
q11	1433
q11	1437
q11	1440
q11	1444
q11	1445
q11	1449
q11	1450
q11	1459
q11	1461
q11	1470
q11	1472
q11	1476
q11	1478
q11	1481
q11	1482
q11	1489
q11	1491
q11	1492
q11	1493
q11	1494
q11	1497
q11	1498
q11	1499
q11	1500
q11	1504
q11	1505
q11	1508
q11	1509
q11	1510
q11	1511
q11	1512
q11	1513
q11	1516
q11	1518
q11	1519
q11	1520
q11	1521
q11	1524
q11	1528
q11	1530
q11	1534
q11	1540
q11	1541
q11	1543
q11	1545
q11	1546
q11	1547
q11	1553
q11	1559
q11	1560
q11	1563
q11	1564
q11	1566
q11	1567
q11	1568
q11	1569
q11	1570
q11	1579
q11	1587
q11	1588
q11	1592
q11	1594
q11	1595
q11	1596
q11	1601
q11	1606
q11	1607
q11	1610
q11	1612
q11	1613
q11	1615
q11	1619
q11	1627
q11	1629
q11	1630
q11	1631
q11	1632
q11	1639
q11	1640
q11	1641
q11	1642
q11	1643
q11	1649
q11	1651
q11	1655
q11	1658
q11	1659
q11	1669
q11	1670
q11	1671
q11	1672
q11	1673
q11	1674
q11	1675
q11	1676
q11	1677
q11	1678
q11	1679
q11	1680
q11	1681
q11	1682
q11	1683
q11	1684
q11	1685
q11	1686
q11	1687
q11	1688
q11	1689
q11	1690
q11	1693
q11	1694
q11	1695
q11	1696
q11	1697
q11	1699
q11	1700
q11	1701
q11	1702
q11	1703
q11	1704
q11	1705
q11	1707
q11	1709
q11	1710
q11	1711
q11	1712
q11	1713
q11	1714
q11	1715
q11	1716
q11	1718
q11	1721
q11	1723
q11	1724
q11	1725
q11	1731
q11	1732
q11	1808
q11	1851
q11	1879
q11	1935
q11	1950
q11	1967
q11	1995
q11	2005
q11	2026
q11	2224
q12	11
q12	15
q12	21
q12	23
q12	27
q12	29
q12	44
q12	45
q12	49
q12	56
q12	76
q12	83
q12	85
q12	88
q12	97
q12	98
q12	109
q12	120
q12	124
q12	133
q12	137
q12	141
q12	143
q12	151
q12	174
q12	180
q12	181
q12	194
q12	213
q12	220
q12	239
q12	248
q12	255
q12	257
q12	258
q12	269
q12	272
q12	282
q12	293
q12	294
q12	339
q12	346
q12	350
q12	355
q12	370
q12	380
q12	401
q12	428
q12	429
q12	435
q12	439
q12	467
q12	471
q12	498
q12	501
q12	508
q13	5
q13	15
q13	21
q13	22
q13	28
q13	40
q13	43
q13	45
q13	51
q13	54
q13	71
q13	76
q13	92
q13	93
q13	100
q13	106
q13	109
q13	124
q13	135
q13	138
q13	158
q13	162
q13	167
q13	173
q13	181
q13	182
q13	189
q13	194
q13	196
q13	198
q13	199
q13	230
q13	244
q13	248
q13	256
q13	257
q13	271
q13	275
q13	276
q13	281
q13	283
q13	285
q13	286
q13	302
q13	321
q13	327
q13	328
q13	329
q13	338
q13	339
q13	342
q13	343
q13	346
q13	348
q13	353
q13	354
q13	355
q13	359
q13	377
q13	386
q13	388
q13	408
q13	410
q13	425
q13	438
q13	439
q13	470
q13	471
q13	489
q13	492
q13	494
q13	900
q13	916
q13	917
q13	938
q13	972
q13	975
q13	979
q13	1004
q13	1023
q13	1047
q13	1070
q13	1115
q13	1146
q13	1152
q13	1155
q13	1157
q13	1159
q13	1165
q13	1171
q13	1172
q13	1188
q13	1200
q13	1208
q13	1239
q13	1244
q13	1245
q13	1249
q13	1250
q13	1251
q13	1254
q13	1256
q13	1268
q13	1269
q13	1270
q13	1275
q13	1282
q13	1284
q13	1304
q13	1312
q14	486
q14	1826
q14	1830
q14	1831
q14	1843
q14	1852
q14	1859
q14	1863
q14	1883
q14	1906
q14	1931
q14	1933
q14	1934
q14	1940
q14	1945
q14	1961
q14	1962
q14	1972
q14	1985
q14	2000
q14	2010
q14	2017
q14	2019
q14	2033
q14	2036
q14	2045
q14	2051
q14	2060
q14	2073
q14	2075
q14	2082
q14	2091
q14	2092
q14	2107
q14	2109
q14	2115
q14	2118
q14	2124
q14	2131
q14	2132
q14	2142
q14	2155
q14	2159
q14	2160
q14	2170
q14	2171
q14	2181
q14	2187
q14	2192
q14	2193
q14	2214
q14	2217
q14	2219
q14	2222
q15	3
q15	9
q15	10
q15	39
q15	49
q15	61
q15	94
q15	110
q15	111
q15	116
q15	117
q15	125
q15	127
q15	139
q15	161
q15	166
q15	176
q15	187
q15	190
q15	205
q15	206
q15	236
q15	243
q15	249
q15	250
q15	279
q15	287
q15	290
q15	303
q15	383
q15	385
q15	416
q15	424
q15	463
q15	465
q15	466
q15	473
q16	100
q16	105
q16	896
q16	898
q16	900
q16	902
q16	903
q16	904
q16	906
q16	908
q16	916
q16	917
q16	931
q16	932
q16	936
q16	949
q16	957
q16	964
q16	972
q16	977
q16	983
q16	987
q16	991
q16	994
q16	1002
q16	1005
q16	1007
q16	1017
q16	1023
q16	1029
q16	1038
q16	1042
q16	1043
q16	1048
q16	1054
q16	1070
q16	1081
q16	1091
q16	1096
q16	1102
q16	1107
q16	1108
q16	1113
q16	1120
q16	1131
q16	1133
q16	1140
q16	1145
q16	1146
q16	1147
q16	1148
q16	1149
q16	1150
q16	1151
q16	1152
q16	1153
q16	1155
q16	1156
q16	1157
q16	1159
q16	1161
q16	1162
q16	1163
q16	1165
q16	1166
q16	1167
q16	1169
q16	1170
q16	1171
q16	1172
q16	1173
q16	1177
q16	1178
q16	1179
q16	1184
q16	1188
q16	1190
q16	1192
q16	1197
q16	1198
q16	1199
q16	1200
q16	1201
q16	1202
q16	1206
q16	1207
q16	1208
q16	1215
q16	1217
q16	1224
q16	1226
q16	1227
q16	1228
q16	1229
q16	1230
q16	1231
q16	1232
q16	1233
q16	1234
q16	1235
q16	1237
q16	1238
q16	1239
q16	1241
q16	1242
q16	1244
q16	1245
q16	1246
q16	1247
q16	1248
q16	1249
q16	1251
q16	1254
q16	1255
q16	1256
q16	1257
q16	1259
q16	1262
q16	1267
q16	1270
q16	1274
q16	1275
q16	1277
q16	1278
q16	1282
q16	1286
q16	1289
q16	1290
q16	1291
q16	1293
q16	1294
q16	1295
q16	1296
q16	1297
q16	1298
q16	1299
q16	1300
q16	1301
q16	1302
q16	1303
q16	1304
q16	1306
q16	1308
q16	1309
q16	1310
q16	1311
q16	1312
q17	270
q17	1414
q17	1415
q17	1416
q17	1422
q17	1423
q17	1424
q17	1430
q17	1433
q17	1434
q17	1437
q17	1451
q17	1452
q17	1453
q17	1469
q17	1471
q17	1473
q17	1479
q17	1481
q17	1489
q17	1492
q17	1493
q17	1494
q17	1495
q17	1498
q17	1500
q17	1517
q17	1518
q17	1528
q17	1530
q17	1539
q17	1540
q17	1543
q17	1547
q17	1549
q17	1551
q17	1554
q17	1555
q17	1560
q17	1563
q17	1564
q17	1566
q17	1567
q17	1586
q18	206
q18	612
q18	616
q18	625
q18	636
q18	657
q18	706
q18	729
q18	740
q18	747
q18	760
q18	762
q18	775
q18	780
q18	793
q18	799
q18	830
q18	1863
q18	1869
q18	1870
q18	1882
q18	1887
q18	1895
q18	1898
q18	1908
q18	1914
q18	1916
q18	1918
q18	1933
q18	1944
q18	1950
q18	1951
q18	1957
q18	1971
q18	1986
q18	1995
q18	1997
q18	2006
q18	2016
q18	2021
q18	2029
q18	2043
q18	2045
q18	2051
q18	2064
q18	2083
q18	2085
q18	2086
q18	2102
q18	2108
q18	2109
q18	2114
q18	2118
q18	2119
q18	2120
q18	2121
q18	2123
q18	2124
q18	2125
q18	2126
q18	2127
q18	2128
q18	2130
q18	2134
q18	2142
q18	2145
q18	2150
q18	2155
q18	2159
q18	2161
q18	2170
q18	2181
q18	2182
q18	2184
q18	2187
q18	2197
q18	2202
q18	2206
q18	2214
q18	2217
q18	2218
q19	235
q19	909
q19	1077
q19	1274
q19	1279
q19	1826
q19	1830
q19	1843
q19	1854
q19	1857
q19	1859
q19	1862
q19	1883
q19	1896
q19	1909
q19	1961
q19	2011
q19	2019
q19	2050
q19	2058
q19	2124
q19	2157
q19	2173
q19	2189
q19	2191
q19	2192
q19	2221
q20	539
q20	543
q20	544
q20	547
q20	548
q20	549
q20	550
q20	554
q20	556
q20	560
q20	567
q20	568
q20	571
q20	572
q20	573
q20	576
q20	578
q20	579
q20	584
q20	587
q20	588
q20	591
q20	593
q20	595
q20	600
q20	604
q20	606
q20	608
q20	614
q20	641
q20	710
q20	724
q20	729
q20	739
q20	744
q20	753
q20	784
q20	789
q20	793
q20	803
q20	804
q20	815
q20	818
q20	821
q20	823
q20	832
q20	833
q20	834
q20	835
q20	837
q20	838
q20	840
q20	841
q20	845
q20	857
q20	861
q20	863
q20	864
q20	866
q20	869
q20	872
q20	876
q20	877
q20	878
q20	879
q20	880
q20	881
q20	882
q20	886
q20	889
q20	1869
q20	1949
q20	1994
q20	2099
q21	1
q21	7
q21	18
q21	22
q21	24
q21	30
q21	31
q21	36
q21	45
q21	50
q21	56
q21	60
q21	65
q21	71
q21	72
q21	75
q21	76
q21	77
q21	78
q21	82
q21	83
q21	84
q21	85
q21	88
q21	100
q21	105
q21	106
q21	115
q21	116
q21	118
q21	120
q21	121
q21	125
q21	136
q21	141
q21	146
q21	150
q21	152
q21	155
q21	162
q21	172
q21	176
q21	179
q21	183
q21	184
q21	186
q21	191
q21	200
q21	208
q21	212
q21	213
q21	214
q21	217
q21	224
q21	227
q21	229
q21	233
q21	239
q21	240
q21	243
q21	247
q21	256
q21	258
q21	259
q21	267
q21	276
q21	278
q21	283
q21	288
q21	289
q21	294
q21	296
q21	300
q21	304
q21	311
q21	313
q21	321
q21	328
q21	329
q21	335
q21	344
q21	345
q21	348
q21	349
q21	352
q21	353
q21	356
q21	357
q21	371
q21	374
q21	375
q21	384
q21	388
q21	390
q21	395
q21	397
q21	404
q21	408
q21	414
q21	416
q21	422
q21	433
q21	435
q21	437
q21	438
q21	449
q21	452
q21	458
q21	469
q21	472
q21	474
q21	476
q21	480
q21	488
q21	491
q21	493
q21	497
q21	498
q21	505
q21	506
q21	671
q21	706
q21	710
q21	724
q21	740
q21	759
q21	826
q21	900
q21	912
q21	1090
q21	1104
q21	1162
q21	1169
q21	1217
q21	1254
q21	1850
q21	1854
q21	1856
q21	1945
q21	1987
q21	2031
q21	2104
q21	2138
q22	19
q22	206
q22	225
q22	532
q22	612
q22	613
q22	616
q22	622
q22	624
q22	626
q22	628
q22	629
q22	630
q22	631
q22	634
q22	636
q22	637
q22	639
q22	640
q22	642
q22	643
q22	644
q22	647
q22	651
q22	652
q22	654
q22	656
q22	657
q22	658
q22	660
q22	661
q22	662
q22	665
q22	667
q22	668
q22	670
q22	671
q22	672
q22	673
q22	677
q22	679
q22	693
q22	700
q22	704
q22	706
q22	717
q22	728
q22	738
q22	740
q22	745
q22	746
q22	747
q22	750
q22	752
q22	755
q22	756
q22	757
q22	759
q22	760
q22	762
q22	763
q22	764
q22	765
q22	768
q22	769
q22	771
q22	772
q22	773
q22	775
q22	776
q22	777
q22	780
q22	782
q22	783
q22	785
q22	787
q22	788
q22	790
q22	791
q22	792
q22	794
q22	795
q22	796
q22	797
q22	798
q22	799
q22	802
q22	805
q22	827
q22	828
q22	829
q22	830
q22	851
q22	855
q22	858
q22	1000
q22	1156
q22	1848
q22	1863
q22	1870
q22	1874
q22	1879
q22	1880
q22	1882
q22	1887
q22	1895
q22	1898
q22	1907
q22	1908
q22	1911
q22	1913
q22	1915
q22	1916
q22	1933
q22	1936
q22	1944
q22	1950
q22	1951
q22	1957
q22	1961
q22	1968
q22	1969
q22	1971
q22	1972
q22	1976
q22	1979
q22	1981
q22	1985
q22	1986
q22	1995
q22	1997
q22	2005
q22	2006
q22	2008
q22	2011
q22	2016
q22	2021
q22	2029
q22	2041
q22	2043
q22	2045
q22	2051
q22	2052
q22	2061
q22	2078
q22	2079
q22	2083
q22	2085
q22	2086
q22	2088
q22	2090
q22	2092
q22	2095
q22	2098
q22	2103
q22	2107
q22	2108
q22	2111
q22	2114
q22	2116
q22	2118
q22	2119
q22	2120
q22	2121
q22	2123
q22	2124
q22	2126
q22	2127
q22	2128
q22	2130
q22	2135
q22	2140
q22	2142
q22	2145
q22	2146
q22	2148
q22	2150
q22	2155
q22	2159
q22	2161
q22	2166
q22	2170
q22	2171
q22	2174
q22	2178
q22	2182
q22	2184
q22	2187
q22	2193
q22	2197
q22	2202
q22	2206
q22	2217
q22	2218
q22	2220
q23	5
q23	7
q23	11
q23	18
q23	42
q23	43
q23	51
q23	54
q23	65
q23	67
q23	89
q23	91
q23	92
q23	105
q23	119
q23	124
q23	129
q23	132
q23	135
q23	137
q23	145
q23	151
q23	158
q23	166
q23	169
q23	180
q23	181
q23	196
q23	212
q23	216
q23	221
q23	230
q23	240
q23	259
q23	260
q23	269
q23	271
q23	274
q23	276
q23	278
q23	294
q23	307
q23	319
q23	321
q23	329
q23	338
q23	342
q23	343
q23	344
q23	346
q23	353
q23	362
q23	373
q23	375
q23	376
q23	379
q23	386
q23	387
q23	388
q23	398
q23	410
q23	412
q23	414
q23	422
q23	425
q23	427
q23	444
q23	468
q23	470
q23	477
q23	486
q23	490
q23	495
q23	500
q23	503
q23	652
q23	703
q23	720
q23	790
q23	892
q23	898
q23	900
q23	901
q23	902
q23	903
q23	904
q23	906
q23	907
q23	908
q23	910
q23	914
q23	916
q23	917
q23	918
q23	919
q23	920
q23	921
q23	922
q23	926
q23	929
q23	930
q23	932
q23	934
q23	936
q23	937
q23	941
q23	942
q23	945
q23	950
q23	955
q23	962
q23	963
q23	964
q23	965
q23	966
q23	968
q23	970
q23	971
q23	972
q23	974
q23	975
q23	978
q23	987
q23	988
q23	989
q23	990
q23	993
q23	994
q23	996
q23	997
q23	998
q23	999
q23	1000
q23	1002
q23	1004
q23	1007
q23	1011
q23	1012
q23	1016
q23	1017
q23	1019
q23	1021
q23	1023
q23	1024
q23	1025
q23	1027
q23	1028
q23	1030
q23	1031
q23	1032
q23	1036
q23	1037
q23	1042
q23	1044
q23	1047
q23	1048
q23	1050
q23	1052
q23	1059
q23	1061
q23	1062
q23	1066
q23	1068
q23	1069
q23	1070
q23	1071
q23	1072
q23	1075
q23	1076
q23	1077
q23	1079
q23	1081
q23	1084
q23	1086
q23	1089
q23	1090
q23	1091
q23	1092
q23	1093
q23	1097
q23	1099
q23	1101
q23	1102
q23	1103
q23	1104
q23	1110
q23	1112
q23	1113
q23	1114
q23	1118
q23	1120
q23	1124
q23	1127
q23	1129
q23	1131
q23	1133
q23	1134
q23	1136
q23	1138
q23	1140
q23	1142
q23	1145
q23	1146
q23	1147
q23	1148
q23	1149
q23	1150
q23	1151
q23	1152
q23	1153
q23	1154
q23	1155
q23	1157
q23	1159
q23	1163
q23	1166
q23	1168
q23	1171
q23	1173
q23	1175
q23	1177
q23	1180
q23	1182
q23	1185
q23	1189
q23	1190
q23	1191
q23	1192
q23	1195
q23	1198
q23	1200
q23	1201
q23	1202
q23	1206
q23	1207
q23	1209
q23	1211
q23	1212
q23	1214
q23	1215
q23	1216
q23	1219
q23	1221
q23	1222
q23	1223
q23	1231
q23	1234
q23	1235
q23	1236
q23	1237
q23	1238
q23	1239
q23	1240
q23	1241
q23	1243
q23	1244
q23	1245
q23	1246
q23	1247
q23	1248
q23	1249
q23	1251
q23	1252
q23	1254
q23	1255
q23	1257
q23	1259
q23	1261
q23	1267
q23	1268
q23	1269
q23	1273
q23	1274
q23	1275
q23	1277
q23	1281
q23	1282
q23	1283
q23	1285
q23	1286
q23	1290
q23	1295
q23	1296
q23	1297
q23	1298
q23	1300
q23	1301
q23	1302
q23	1304
q23	1308
q23	1309
q23	1310
q23	1312
q23	1461
q23	1569
q23	1570
q23	1698
q23	1760
q23	1814
q23	1857
q23	2010
q23	2069
q23	2088
q23	2105
q23	2222
q24	3
q24	13
q24	15
q24	17
q24	18
q24	26
q24	29
q24	30
q24	33
q24	37
q24	38
q24	39
q24	48
q24	53
q24	55
q24	62
q24	67
q24	69
q24	73
q24	75
q24	79
q24	89
q24	90
q24	91
q24	92
q24	105
q24	109
q24	110
q24	116
q24	123
q24	125
q24	126
q24	129
q24	130
q24	135
q24	153
q24	158
q24	163
q24	165
q24	167
q24	172
q24	178
q24	180
q24	181
q24	183
q24	189
q24	192
q24	194
q24	200
q24	205
q24	208
q24	211
q24	217
q24	218
q24	219
q24	220
q24	221
q24	223
q24	226
q24	228
q24	230
q24	236
q24	238
q24	241
q24	242
q24	243
q24	244
q24	251
q24	253
q24	256
q24	259
q24	262
q24	265
q24	267
q24	271
q24	272
q24	275
q24	276
q24	279
q24	280
q24	283
q24	285
q24	288
q24	293
q24	294
q24	296
q24	298
q24	300
q24	314
q24	315
q24	329
q24	335
q24	339
q24	348
q24	353
q24	357
q24	359
q24	362
q24	365
q24	366
q24	377
q24	378
q24	379
q24	388
q24	411
q24	413
q24	421
q24	422
q24	427
q24	434
q24	436
q24	446
q24	453
q24	463
q24	469
q24	481
q24	492
q24	500
q24	509
q24	640
q24	650
q24	821
q24	822
q24	832
q24	880
q24	917
q24	918
q24	919
q24	1016
q24	1019
q24	1023
q24	1025
q24	1066
q24	1070
q24	1099
q24	1105
q24	1129
q24	1177
q24	1215
q24	1234
q24	1244
q24	1245
q24	1250
q24	1256
q24	1270
q24	1284
q24	1290
q24	1349
q24	1424
q24	1430
q24	1433
q24	1563
q24	1888
q24	1905
q24	1916
q24	1945
q24	1952
q24	1998
q24	2019
q24	2072
q24	2103
q24	2160
q24	2172
q24	2183
q24	2187
q24	2207
q25	2
q25	13
q25	16
q25	19
q25	30
q25	31
q25	36
q25	38
q25	48
q25	49
q25	52
q25	61
q25	67
q25	69
q25	77
q25	85
q25	91
q25	101
q25	102
q25	106
q25	107
q25	110
q25	114
q25	121
q25	122
q25	130
q25	133
q25	139
q25	140
q25	148
q25	160
q25	162
q25	167
q25	178
q25	182
q25	185
q25	186
q25	188
q25	192
q25	202
q25	205
q25	208
q25	215
q25	219
q25	227
q25	231
q25	251
q25	261
q25	262
q25	263
q25	264
q25	265
q25	267
q25	278
q25	283
q25	287
q25	293
q25	303
q25	313
q25	316
q25	325
q25	329
q25	332
q25	333
q25	337
q25	343
q25	348
q25	352
q25	363
q25	366
q25	369
q25	373
q25	375
q25	391
q25	392
q25	393
q25	398
q25	399
q25	403
q25	406
q25	408
q25	420
q25	434
q25	444
q25	447
q25	451
q25	468
q25	469
q25	481
q25	484
q25	485
q25	491
q25	497
q25	507
q25	512
q25	525
q25	529
q25	531
q25	556
q25	560
q25	578
q25	617
q25	628
q25	652
q25	657
q25	661
q25	675
q25	687
q25	688
q25	716
q25	723
q25	725
q25	764
q25	767
q25	771
q25	780
q25	781
q25	791
q25	798
q25	799
q25	823
q25	828
q25	829
q25	884
q25	929
q25	962
q25	996
q25	1002
q25	1011
q25	1013
q25	1019
q25	1033
q25	1039
q25	1060
q25	1070
q25	1073
q25	1093
q25	1099
q25	1112
q25	1136
q25	1138
q25	1149
q25	1156
q25	1169
q25	1204
q25	1210
q25	1216
q25	1237
q25	1243
q25	1244
q25	1248
q25	1285
q25	1306
q25	1333
q25	1342
q25	1354
q25	1376
q25	1384
q25	1408
q25	1409
q25	1411
q25	1413
q25	1415
q25	1416
q25	1421
q25	1423
q25	1424
q25	1427
q25	1428
q25	1430
q25	1431
q25	1433
q25	1438
q25	1440
q25	1445
q25	1446
q25	1449
q25	1452
q25	1453
q25	1455
q25	1458
q25	1460
q25	1462
q25	1464
q25	1465
q25	1469
q25	1472
q25	1474
q25	1484
q25	1485
q25	1487
q25	1491
q25	1492
q25	1493
q25	1494
q25	1495
q25	1499
q25	1504
q25	1505
q25	1507
q25	1508
q25	1514
q25	1515
q25	1520
q25	1521
q25	1524
q25	1525
q25	1529
q25	1530
q25	1532
q25	1535
q25	1538
q25	1540
q25	1542
q25	1543
q25	1544
q25	1545
q25	1547
q25	1548
q25	1550
q25	1552
q25	1554
q25	1555
q25	1556
q25	1562
q25	1565
q25	1571
q25	1572
q25	1575
q25	1579
q25	1582
q25	1585
q25	1586
q25	1587
q25	1588
q25	1589
q25	1590
q25	1591
q25	1593
q25	1595
q25	1599
q25	1609
q25	1621
q25	1630
q25	1643
q25	1655
q25	1658
q25	1662
q25	1669
q25	1670
q25	1671
q25	1683
q25	1692
q25	1698
q25	1703
q25	1803
q25	1826
q25	1830
q25	1832
q25	1845
q25	1849
q25	1854
q25	1859
q25	1864
q25	1866
q25	1875
q25	1878
q25	1881
q25	1883
q25	1890
q25	1892
q25	1894
q25	1899
q25	1902
q25	1924
q25	1925
q25	1927
q25	1928
q25	1930
q25	1931
q25	1935
q25	1936
q25	1945
q25	1946
q25	1947
q25	1957
q25	1961
q25	1962
q25	1963
q25	1964
q25	1967
q25	1971
q25	1976
q25	1983
q25	1990
q25	1996
q25	2000
q25	2008
q25	2010
q25	2011
q25	2017
q25	2019
q25	2020
q25	2026
q25	2028
q25	2030
q25	2036
q25	2038
q25	2043
q25	2045
q25	2051
q25	2059
q25	2066
q25	2084
q25	2086
q25	2090
q25	2091
q25	2094
q25	2099
q25	2101
q25	2104
q25	2105
q25	2108
q25	2109
q25	2111
q25	2115
q25	2118
q25	2121
q25	2127
q25	2128
q25	2132
q25	2137
q25	2148
q25	2149
q25	2160
q25	2173
q25	2181
q25	2192
q25	2196
q25	2199
q25	2202
q25	2203
q25	2205
q25	2214
q25	2217
q25	2218
q25	2219
q25	2220
q25	2222
q25	2224
q26	14
q26	18
q26	26
q26	33
q26	34
q26	67
q26	89
q26	129
q26	207
q26	210
q26	230
q26	235
q26	242
q26	255
q26	257
q26	260
q26	266
q26	273
q26	283
q26	299
q26	354
q26	355
q26	364
q26	370
q26	422
q26	429
q26	544
q26	545
q26	657
q26	793
q26	862
q26	911
q26	918
q26	932
q26	947
q26	1004
q26	1092
q26	1101
q26	1111
q26	1185
q26	1281
q26	1595
q26	1601
q26	1718
q26	1824
q26	1825
q26	1828
q26	1829
q26	1832
q26	1836
q26	1837
q26	1841
q26	1842
q26	1851
q26	1854
q26	1855
q26	1856
q26	1860
q26	1864
q26	1866
q26	1868
q26	1870
q26	1872
q26	1873
q26	1875
q26	1882
q26	1884
q26	1885
q26	1887
q26	1894
q26	1895
q26	1900
q26	1905
q26	1908
q26	1910
q26	1911
q26	1912
q26	1913
q26	1914
q26	1916
q26	1917
q26	1918
q26	1921
q26	1922
q26	1925
q26	1926
q26	1928
q26	1929
q26	1930
q26	1931
q26	1933
q26	1934
q26	1936
q26	1938
q26	1939
q26	1945
q26	1952
q26	1954
q26	1957
q26	1960
q26	1961
q26	1965
q26	1966
q26	1970
q26	1971
q26	1973
q26	1978
q26	1979
q26	1980
q26	1982
q26	1984
q26	1986
q26	1990
q26	1991
q26	1993
q26	1996
q26	1997
q26	1998
q26	2000
q26	2002
q26	2004
q26	2005
q26	2007
q26	2010
q26	2014
q26	2016
q26	2017
q26	2019
q26	2021
q26	2022
q26	2023
q26	2024
q26	2027
q26	2030
q26	2034
q26	2035
q26	2038
q26	2039
q26	2040
q26	2042
q26	2043
q26	2044
q26	2046
q26	2047
q26	2048
q26	2049
q26	2051
q26	2052
q26	2053
q26	2057
q26	2060
q26	2062
q26	2063
q26	2069
q26	2071
q26	2074
q26	2076
q26	2077
q26	2079
q26	2082
q26	2084
q26	2085
q26	2086
q26	2087
q26	2088
q26	2090
q26	2091
q26	2092
q26	2093
q26	2098
q26	2100
q26	2102
q26	2104
q26	2105
q26	2106
q26	2108
q26	2109
q26	2112
q26	2113
q26	2114
q26	2115
q26	2116
q26	2117
q26	2118
q26	2119
q26	2121
q26	2122
q26	2123
q26	2124
q26	2125
q26	2127
q26	2128
q26	2129
q26	2130
q26	2132
q26	2133
q26	2134
q26	2135
q26	2136
q26	2141
q26	2142
q26	2143
q26	2144
q26	2145
q26	2148
q26	2149
q26	2150
q26	2152
q26	2153
q26	2156
q26	2158
q26	2159
q26	2160
q26	2161
q26	2163
q26	2164
q26	2166
q26	2167
q26	2169
q26	2170
q26	2172
q26	2173
q26	2176
q26	2177
q26	2179
q26	2181
q26	2183
q26	2184
q26	2185
q26	2187
q26	2188
q26	2189
q26	2190
q26	2191
q26	2193
q26	2194
q26	2199
q26	2201
q26	2202
q26	2206
q26	2209
q26	2211
q26	2212
q26	2214
q26	2215
q26	2217
q26	2218
q26	2222
q27	5
q27	10
q27	29
q27	44
q27	45
q27	68
q27	98
q27	99
q27	105
q27	130
q27	135
q27	146
q27	176
q27	188
q27	207
q27	223
q27	225
q27	241
q27	249
q27	251
q27	253
q27	284
q27	297
q27	302
q27	316
q27	323
q27	325
q27	352
q27	366
q27	375
q27	388
q27	432
q27	450
q27	455
q27	456
q27	476
q27	485
q27	515
q27	517
q27	519
q27	521
q27	528
q27	530
q27	540
q27	543
q27	545
q27	548
q27	553
q27	554
q27	556
q27	558
q27	559
q27	560
q27	565
q27	569
q27	570
q27	573
q27	576
q27	577
q27	578
q27	580
q27	590
q27	591
q27	595
q27	598
q27	604
q27	607
q27	610
q27	612
q27	613
q27	614
q27	616
q27	620
q27	622
q27	625
q27	627
q27	629
q27	631
q27	636
q27	642
q27	647
q27	648
q27	649
q27	651
q27	654
q27	660
q27	667
q27	676
q27	678
q27	685
q27	686
q27	691
q27	699
q27	704
q27	706
q27	707
q27	710
q27	716
q27	717
q27	724
q27	733
q27	737
q27	738
q27	740
q27	741
q27	744
q27	747
q27	748
q27	751
q27	753
q27	754
q27	757
q27	760
q27	762
q27	764
q27	765
q27	772
q27	773
q27	776
q27	777
q27	784
q27	785
q27	786
q27	787
q27	789
q27	792
q27	796
q27	799
q27	800
q27	801
q27	805
q27	808
q27	809
q27	810
q27	811
q27	816
q27	817
q27	819
q27	821
q27	824
q27	825
q27	827
q27	831
q27	833
q27	834
q27	835
q27	837
q27	839
q27	844
q27	849
q27	856
q27	861
q27	862
q27	863
q27	864
q27	866
q27	873
q27	877
q27	881
q27	882
q27	890
q27	892
q27	895
q27	906
q27	908
q27	942
q27	954
q27	960
q27	961
q27	977
q27	995
q27	1000
q27	1001
q27	1004
q27	1017
q27	1024
q27	1030
q27	1059
q27	1072
q27	1085
q27	1092
q27	1094
q27	1099
q27	1102
q27	1113
q27	1148
q27	1149
q27	1150
q27	1151
q27	1156
q27	1162
q27	1163
q27	1165
q27	1178
q27	1188
q27	1193
q27	1201
q27	1204
q27	1221
q27	1222
q27	1223
q27	1229
q27	1239
q27	1272
q27	1275
q27	1278
q27	1279
q27	1290
q27	1294
q27	1297
q27	1303
q27	1306
q27	1310
q27	1342
q27	1350
q27	1355
q27	1358
q27	1370
q27	1382
q27	1406
q27	1407
q27	1408
q27	1409
q27	1411
q27	1412
q27	1413
q27	1414
q27	1415
q27	1417
q27	1418
q27	1419
q27	1421
q27	1422
q27	1423
q27	1424
q27	1425
q27	1426
q27	1427
q27	1428
q27	1429
q27	1430
q27	1431
q27	1433
q27	1434
q27	1435
q27	1437
q27	1438
q27	1439
q27	1440
q27	1443
q27	1444
q27	1445
q27	1446
q27	1447
q27	1448
q27	1449
q27	1450
q27	1451
q27	1452
q27	1453
q27	1454
q27	1456
q27	1457
q27	1459
q27	1460
q27	1461
q27	1462
q27	1463
q27	1464
q27	1466
q27	1467
q27	1468
q27	1469
q27	1470
q27	1472
q27	1477
q27	1478
q27	1479
q27	1481
q27	1483
q27	1488
q27	1489
q27	1491
q27	1492
q27	1493
q27	1494
q27	1495
q27	1496
q27	1497
q27	1498
q27	1499
q27	1500
q27	1501
q27	1502
q27	1503
q27	1504
q27	1505
q27	1506
q27	1507
q27	1508
q27	1510
q27	1511
q27	1512
q27	1513
q27	1515
q27	1516
q27	1517
q27	1518
q27	1519
q27	1520
q27	1521
q27	1522
q27	1523
q27	1524
q27	1527
q27	1528
q27	1529
q27	1530
q27	1531
q27	1532
q27	1533
q27	1534
q27	1535
q27	1538
q27	1539
q27	1540
q27	1541
q27	1544
q27	1547
q27	1548
q27	1550
q27	1551
q27	1552
q27	1553
q27	1555
q27	1556
q27	1557
q27	1559
q27	1560
q27	1561
q27	1562
q27	1564
q27	1565
q27	1566
q27	1567
q27	1568
q27	1569
q27	1570
q27	1571
q27	1572
q27	1573
q27	1574
q27	1576
q27	1577
q27	1579
q27	1580
q27	1582
q27	1583
q27	1584
q27	1586
q27	1587
q27	1588
q27	1589
q27	1590
q27	1591
q27	1592
q27	1593
q27	1594
q27	1595
q27	1596
q27	1597
q27	1598
q27	1599
q27	1600
q27	1601
q27	1602
q27	1604
q27	1606
q27	1607
q27	1608
q27	1611
q27	1612
q27	1613
q27	1614
q27	1615
q27	1616
q27	1617
q27	1618
q27	1619
q27	1620
q27	1621
q27	1622
q27	1624
q27	1625
q27	1626
q27	1627
q27	1628
q27	1629
q27	1631
q27	1632
q27	1633
q27	1634
q27	1635
q27	1637
q27	1638
q27	1639
q27	1640
q27	1641
q27	1642
q27	1643
q27	1645
q27	1646
q27	1647
q27	1648
q27	1649
q27	1650
q27	1651
q27	1652
q27	1653
q27	1654
q27	1657
q27	1659
q27	1660
q27	1661
q27	1662
q27	1663
q27	1664
q27	1665
q27	1666
q27	1667
q27	1668
q27	1669
q27	1670
q27	1671
q27	1672
q27	1673
q27	1674
q27	1676
q27	1677
q27	1678
q27	1679
q27	1680
q27	1681
q27	1682
q27	1683
q27	1684
q27	1685
q27	1686
q27	1687
q27	1689
q27	1690
q27	1691
q27	1692
q27	1693
q27	1694
q27	1695
q27	1696
q27	1697
q27	1698
q27	1699
q27	1700
q27	1701
q27	1702
q27	1703
q27	1704
q27	1705
q27	1706
q27	1707
q27	1709
q27	1710
q27	1711
q27	1714
q27	1715
q27	1716
q27	1718
q27	1719
q27	1720
q27	1721
q27	1722
q27	1724
q27	1725
q27	1727
q27	1728
q27	1730
q27	1731
q27	1732
q27	1733
q27	1734
q27	1735
q27	1736
q27	1737
q27	1738
q27	1739
q27	1740
q27	1741
q27	1742
q27	1743
q27	1744
q27	1745
q27	1746
q27	1747
q27	1748
q27	1749
q27	1750
q27	1751
q27	1753
q27	1754
q27	1755
q27	1757
q27	1758
q27	1759
q27	1760
q27	1761
q27	1762
q27	1763
q27	1764
q27	1765
q27	1766
q27	1767
q27	1768
q27	1769
q27	1770
q27	1771
q27	1773
q27	1774
q27	1775
q27	1776
q27	1778
q27	1780
q27	1781
q27	1782
q27	1784
q27	1785
q27	1786
q27	1788
q27	1789
q27	1790
q27	1791
q27	1792
q27	1793
q27	1794
q27	1798
q27	1799
q27	1800
q27	1801
q27	1802
q27	1803
q27	1804
q27	1805
q27	1806
q27	1807
q27	1808
q27	1809
q27	1812
q27	1813
q27	1814
q27	1815
q27	1816
q27	1817
q27	1818
q27	1819
q27	1820
q27	1821
q27	1822
q27	1823
q27	1825
q27	1828
q27	1830
q27	1832
q27	1834
q27	1847
q27	1848
q27	1851
q27	1853
q27	1863
q27	1866
q27	1870
q27	1871
q27	1875
q27	1879
q27	1882
q27	1883
q27	1887
q27	1888
q27	1891
q27	1892
q27	1893
q27	1894
q27	1895
q27	1907
q27	1910
q27	1911
q27	1913
q27	1916
q27	1917
q27	1918
q27	1922
q27	1923
q27	1927
q27	1928
q27	1933
q27	1934
q27	1935
q27	1944
q27	1947
q27	1948
q27	1950
q27	1951
q27	1957
q27	1958
q27	1960
q27	1961
q27	1962
q27	1963
q27	1967
q27	1969
q27	1971
q27	1976
q27	1977
q27	1978
q27	1980
q27	1981
q27	1983
q27	1984
q27	1986
q27	1991
q27	1992
q27	1993
q27	1995
q27	1997
q27	2005
q27	2006
q27	2008
q27	2014
q27	2015
q27	2016
q27	2018
q27	2020
q27	2021
q27	2026
q27	2031
q27	2039
q27	2042
q27	2043
q27	2044
q27	2045
q27	2047
q27	2051
q27	2054
q27	2056
q27	2061
q27	2063
q27	2067
q27	2068
q27	2070
q27	2072
q27	2079
q27	2083
q27	2086
q27	2089
q27	2093
q27	2095
q27	2097
q27	2098
q27	2099
q27	2102
q27	2104
q27	2106
q27	2108
q27	2111
q27	2114
q27	2117
q27	2118
q27	2119
q27	2120
q27	2121
q27	2122
q27	2124
q27	2125
q27	2127
q27	2128
q27	2130
q27	2132
q27	2134
q27	2135
q27	2136
q27	2140
q27	2142
q27	2145
q27	2148
q27	2149
q27	2150
q27	2155
q27	2159
q27	2161
q27	2165
q27	2166
q27	2167
q27	2170
q27	2171
q27	2172
q27	2174
q27	2175
q27	2179
q27	2181
q27	2182
q27	2183
q27	2184
q27	2186
q27	2187
q27	2191
q27	2197
q27	2202
q27	2206
q27	2207
q27	2208
q27	2214
q27	2217
q27	2218
q27	2219
q27	2222
q27	2224
q28	1
q28	10
q28	13
q28	20
q28	25
q28	35
q28	39
q28	43
q28	44
q28	48
q28	50
q28	53
q28	57
q28	67
q28	69
q28	76
q28	83
q28	89
q28	93
q28	95
q28	102
q28	105
q28	108
q28	110
q28	119
q28	121
q28	129
q28	148
q28	153
q28	158
q28	186
q28	190
q28	197
q28	199
q28	200
q28	205
q28	210
q28	215
q28	216
q28	217
q28	220
q28	222
q28	230
q28	249
q28	251
q28	253
q28	262
q28	277
q28	292
q28	296
q28	303
q28	306
q28	313
q28	318
q28	324
q28	325
q28	331
q28	334
q28	341
q28	381
q28	385
q28	388
q28	392
q28	394
q28	403
q28	412
q28	413
q28	419
q28	420
q28	421
q28	423
q28	424
q28	432
q28	434
q28	436
q28	439
q28	444
q28	454
q28	459
q28	466
q28	472
q28	486
q28	490
q28	496
q28	498
q28	501
q28	503
q28	512
q28	515
q28	522
q28	534
q28	536
q28	543
q28	544
q28	549
q28	584
q28	601
q28	605
q28	630
q28	631
q28	648
q28	649
q28	652
q28	694
q28	696
q28	708
q28	719
q28	727
q28	737
q28	741
q28	748
q28	750
q28	755
q28	768
q28	776
q28	781
q28	796
q28	797
q28	812
q28	843
q28	870
q28	871
q28	876
q28	896
q28	898
q28	899
q28	912
q28	913
q28	921
q28	924
q28	926
q28	934
q28	937
q28	942
q28	944
q28	945
q28	950
q28	959
q28	967
q28	972
q28	973
q28	975
q28	979
q28	984
q28	987
q28	988
q28	996
q28	997
q28	998
q28	999
q28	1006
q28	1013
q28	1016
q28	1023
q28	1034
q28	1036
q28	1048
q28	1051
q28	1053
q28	1056
q28	1062
q28	1078
q28	1082
q28	1086
q28	1087
q28	1099
q28	1100
q28	1105
q28	1121
q28	1127
q28	1133
q28	1136
q28	1140
q28	1146
q28	1160
q28	1165
q28	1166
q28	1172
q28	1184
q28	1187
q28	1188
q28	1195
q28	1196
q28	1210
q28	1213
q28	1221
q28	1225
q28	1228
q28	1234
q28	1235
q28	1239
q28	1240
q28	1249
q28	1257
q28	1258
q28	1260
q28	1267
q28	1271
q28	1275
q28	1282
q28	1284
q28	1289
q28	1290
q28	1292
q28	1296
q28	1297
q28	1301
q28	1305
q28	1309
q28	1314
q28	1335
q28	1363
q28	1377
q28	1380
q28	1436
q28	1482
q28	1519
q28	1566
q28	1582
q28	1608
q28	1618
q28	1633
q28	1640
q28	1641
q28	1654
q28	1673
q28	1679
q28	1706
q28	1713
q28	1724
q28	1743
q28	1744
q28	1749
q28	1750
q28	1761
q28	1763
q28	1805
q28	1807
q28	1814
q28	1830
q28	1835
q28	1843
q28	1855
q28	1864
q28	1873
q28	1883
q28	1887
q28	1895
q28	1906
q28	1907
q28	1911
q28	1916
q28	1931
q28	1935
q28	1942
q28	1952
q28	1956
q28	1957
q28	1961
q28	1964
q28	1967
q28	1978
q28	1986
q28	1990
q28	1996
q28	1998
q28	2003
q28	2016
q28	2037
q28	2038
q28	2039
q28	2042
q28	2045
q28	2047
q28	2051
q28	2071
q28	2073
q28	2078
q28	2080
q28	2083
q28	2087
q28	2091
q28	2096
q28	2114
q28	2117
q28	2118
q28	2119
q28	2120
q28	2131
q28	2143
q28	2154
q28	2158
q28	2159
q28	2161
q28	2166
q28	2168
q28	2170
q28	2173
q28	2175
q28	2186
q28	2199
q28	2201
q28	2213
q28	2220
q29	78
q29	184
q29	242
q29	249
q29	341
q29	347
q29	486
q29	531
q29	723
q29	764
q29	862
q29	1011
q29	1018
q29	1051
q29	1205
q29	1268
q29	1825
q29	1827
q29	1829
q29	1830
q29	1832
q29	1834
q29	1835
q29	1836
q29	1837
q29	1839
q29	1841
q29	1842
q29	1843
q29	1845
q29	1847
q29	1848
q29	1850
q29	1853
q29	1854
q29	1855
q29	1857
q29	1862
q29	1864
q29	1871
q29	1872
q29	1873
q29	1874
q29	1877
q29	1882
q29	1883
q29	1884
q29	1886
q29	1888
q29	1889
q29	1891
q29	1892
q29	1895
q29	1896
q29	1897
q29	1900
q29	1902
q29	1903
q29	1906
q29	1912
q29	1913
q29	1914
q29	1915
q29	1919
q29	1920
q29	1923
q29	1927
q29	1928
q29	1931
q29	1933
q29	1934
q29	1938
q29	1940
q29	1943
q29	1945
q29	1949
q29	1951
q29	1960
q29	1961
q29	1964
q29	1966
q29	1970
q29	1973
q29	1977
q29	1980
q29	1982
q29	1984
q29	1987
q29	1988
q29	1989
q29	1994
q29	1996
q29	2000
q29	2007
q29	2009
q29	2010
q29	2011
q29	2013
q29	2017
q29	2018
q29	2021
q29	2022
q29	2023
q29	2024
q29	2026
q29	2030
q29	2050
q29	2058
q29	2060
q29	2063
q29	2065
q29	2066
q29	2071
q29	2072
q29	2081
q29	2082
q29	2083
q29	2091
q29	2092
q29	2093
q29	2094
q29	2095
q29	2098
q29	2101
q29	2104
q29	2105
q29	2106
q29	2107
q29	2109
q29	2111
q29	2115
q29	2120
q29	2122
q29	2123
q29	2124
q29	2128
q29	2129
q29	2130
q29	2131
q29	2133
q29	2135
q29	2138
q29	2139
q29	2140
q29	2142
q29	2143
q29	2144
q29	2145
q29	2146
q29	2152
q29	2153
q29	2154
q29	2157
q29	2158
q29	2159
q29	2163
q29	2165
q29	2169
q29	2172
q29	2176
q29	2177
q29	2179
q29	2180
q29	2181
q29	2184
q29	2187
q29	2189
q29	2191
q29	2196
q29	2197
q29	2199
q29	2200
q29	2202
q29	2203
q29	2204
q29	2208
q29	2214
q29	2215
q29	2218
q29	2220
q29	2221
q29	2222
q29	2223
q29	2224
q30	14
q30	48
q30	61
q30	105
q30	113
q30	128
q30	156
q30	170
q30	201
q30	229
q30	240
q30	260
q30	293
q30	302
q30	312
q30	313
q30	317
q30	341
q30	357
q30	384
q30	390
q30	512
q30	513
q30	515
q30	516
q30	522
q30	523
q30	524
q30	526
q30	533
q30	536
q30	539
q30	543
q30	545
q30	548
q30	549
q30	560
q30	565
q30	567
q30	568
q30	570
q30	571
q30	573
q30	574
q30	575
q30	576
q30	577
q30	578
q30	580
q30	583
q30	584
q30	587
q30	588
q30	590
q30	591
q30	593
q30	595
q30	596
q30	597
q30	600
q30	603
q30	604
q30	606
q30	608
q30	611
q30	621
q30	629
q30	630
q30	634
q30	638
q30	652
q30	656
q30	657
q30	662
q30	666
q30	668
q30	675
q30	676
q30	696
q30	697
q30	698
q30	700
q30	705
q30	709
q30	710
q30	712
q30	716
q30	721
q30	724
q30	729
q30	732
q30	734
q30	743
q30	745
q30	750
q30	753
q30	760
q30	762
q30	763
q30	765
q30	769
q30	770
q30	772
q30	773
q30	776
q30	781
q30	784
q30	789
q30	793
q30	795
q30	796
q30	803
q30	804
q30	805
q30	807
q30	808
q30	813
q30	816
q30	817
q30	818
q30	823
q30	833
q30	834
q30	835
q30	836
q30	837
q30	838
q30	839
q30	840
q30	841
q30	845
q30	850
q30	857
q30	861
q30	863
q30	866
q30	867
q30	870
q30	874
q30	876
q30	877
q30	878
q30	879
q30	880
q30	881
q30	882
q30	892
q30	894
q30	896
q30	900
q30	902
q30	908
q30	917
q30	928
q30	949
q30	967
q30	991
q30	1002
q30	1023
q30	1037
q30	1038
q30	1044
q30	1048
q30	1054
q30	1057
q30	1068
q30	1077
q30	1084
q30	1085
q30	1107
q30	1108
q30	1118
q30	1119
q30	1120
q30	1122
q30	1124
q30	1133
q30	1135
q30	1149
q30	1151
q30	1152
q30	1154
q30	1155
q30	1158
q30	1161
q30	1162
q30	1163
q30	1166
q30	1167
q30	1170
q30	1171
q30	1179
q30	1184
q30	1185
q30	1188
q30	1190
q30	1214
q30	1224
q30	1225
q30	1230
q30	1235
q30	1236
q30	1237
q30	1239
q30	1240
q30	1244
q30	1246
q30	1247
q30	1249
q30	1254
q30	1255
q30	1257
q30	1259
q30	1272
q30	1275
q30	1277
q30	1290
q30	1293
q30	1301
q30	1303
q30	1305
q30	1306
q30	1308
q30	1313
q30	1315
q30	1317
q30	1319
q30	1321
q30	1322
q30	1324
q30	1326
q30	1330
q30	1332
q30	1334
q30	1337
q30	1339
q30	1340
q30	1341
q30	1342
q30	1346
q30	1350
q30	1352
q30	1353
q30	1354
q30	1355
q30	1356
q30	1359
q30	1361
q30	1364
q30	1365
q30	1368
q30	1369
q30	1370
q30	1371
q30	1372
q30	1373
q30	1374
q30	1375
q30	1376
q30	1377
q30	1378
q30	1379
q30	1381
q30	1382
q30	1385
q30	1386
q30	1387
q30	1388
q30	1389
q30	1390
q30	1395
q30	1396
q30	1397
q30	1398
q30	1399
q30	1400
q30	1402
q30	1406
q30	1407
q30	1408
q30	1413
q30	1414
q30	1416
q30	1417
q30	1418
q30	1419
q30	1424
q30	1426
q30	1427
q30	1431
q30	1432
q30	1433
q30	1434
q30	1438
q30	1444
q30	1445
q30	1449
q30	1452
q30	1453
q30	1456
q30	1457
q30	1458
q30	1461
q30	1462
q30	1463
q30	1464
q30	1465
q30	1466
q30	1467
q30	1469
q30	1475
q30	1481
q30	1483
q30	1484
q30	1487
q30	1488
q30	1489
q30	1491
q30	1492
q30	1493
q30	1494
q30	1495
q30	1496
q30	1497
q30	1498
q30	1500
q30	1501
q30	1502
q30	1510
q30	1512
q30	1517
q30	1518
q30	1522
q30	1524
q30	1526
q30	1527
q30	1528
q30	1529
q30	1530
q30	1531
q30	1532
q30	1533
q30	1534
q30	1535
q30	1536
q30	1537
q30	1539
q30	1540
q30	1541
q30	1543
q30	1545
q30	1548
q30	1549
q30	1551
q30	1553
q30	1554
q30	1555
q30	1557
q30	1558
q30	1561
q30	1573
q30	1579
q30	1580
q30	1583
q30	1586
q30	1587
q30	1588
q30	1590
q30	1592
q30	1593
q30	1594
q30	1596
q30	1597
q30	1598
q30	1599
q30	1601
q30	1602
q30	1603
q30	1604
q30	1608
q30	1609
q30	1611
q30	1612
q30	1615
q30	1616
q30	1618
q30	1619
q30	1620
q30	1624
q30	1625
q30	1628
q30	1630
q30	1633
q30	1635
q30	1638
q30	1639
q30	1640
q30	1641
q30	1642
q30	1644
q30	1645
q30	1646
q30	1647
q30	1648
q30	1649
q30	1650
q30	1652
q30	1654
q30	1656
q30	1657
q30	1660
q30	1661
q30	1662
q30	1664
q30	1666
q30	1668
q30	1669
q30	1674
q30	1676
q30	1677
q30	1679
q30	1680
q30	1681
q30	1682
q30	1683
q30	1685
q30	1687
q30	1688
q30	1689
q30	1690
q30	1693
q30	1694
q30	1695
q30	1696
q30	1697
q30	1699
q30	1702
q30	1703
q30	1707
q30	1708
q30	1712
q30	1713
q30	1715
q30	1716
q30	1717
q30	1718
q30	1719
q30	1720
q30	1721
q30	1722
q30	1723
q30	1724
q30	1725
q30	1726
q30	1728
q30	1729
q30	1730
q30	1731
q30	1732
q30	1733
q30	1734
q30	1735
q30	1737
q30	1738
q30	1740
q30	1741
q30	1743
q30	1745
q30	1746
q30	1747
q30	1749
q30	1751
q30	1753
q30	1754
q30	1757
q30	1758
q30	1759
q30	1761
q30	1763
q30	1764
q30	1765
q30	1767
q30	1768
q30	1770
q30	1771
q30	1772
q30	1774
q30	1775
q30	1778
q30	1779
q30	1780
q30	1781
q30	1782
q30	1783
q30	1784
q30	1785
q30	1786
q30	1788
q30	1789
q30	1792
q30	1793
q30	1795
q30	1796
q30	1798
q30	1799
q30	1800
q30	1801
q30	1802
q30	1803
q30	1804
q30	1805
q30	1807
q30	1809
q30	1810
q30	1812
q30	1813
q30	1815
q30	1816
q30	1817
q30	1818
q30	1819
q30	1820
q30	1822
q30	1823
q30	1828
q30	1832
q30	1837
q30	1843
q30	1851
q30	1869
q30	1875
q30	1894
q30	1911
q30	1916
q30	1918
q30	1934
q30	1941
q30	1949
q30	1953
q30	1960
q30	1961
q30	1963
q30	1978
q30	1994
q30	1997
q30	2001
q30	2019
q30	2026
q30	2032
q30	2062
q30	2065
q30	2083
q30	2090
q30	2097
q30	2108
q30	2111
q30	2117
q30	2120
q30	2123
q30	2127
q30	2134
q30	2153
q30	2160
q30	2168
q30	2202
q30	2209
q30	2210
q30	2224
